{
  "id": "tickers-and-trackers",
  "title": "Tickers And Trackers",
  "description": "Simple, easy to use counters. All credit for the original design and code goes to Supe and Global Progress Clocks",
  "version": "0.1.0",
  "authors": [
    {
      "name": "Supe",
      "flags": {}
    },
    {
      "name": "Lady Defile",
      "flags": {}
    }
  ],
  "compatibility": {
    "minimum": "10",
    "verified": "11"
  },
  "scripts": [
    "greensock/dist/gsap.min.js"
  ],
  "esmodules": [
    "module/index.js"
  ],
  "languages": [
    {
      "lang": "en",
      "name": "English",
      "path": "lang/en.json",
      "flags": {}
    }
  ],
  "styles": [
    "styles/style.css",
    "styles/dialog.css",
    "styles/settings.css"
  ],
  "url": "https://github.com/CarlosFdez/global-progress-clocks",
  "manifest": "https://github.com/CarlosFdez/global-progress-clocks/releases/latest/download/module.json",
  "download": "https://github.com/CarlosFdez/global-progress-clocks/releases/download/v0.4.1/module.zip"
}